Model,Accuracy,Macro-F1,Macro-Prec,Macro-Recall
SVM,0.9786,0.9785,0.9808,0.9786
Random-forest,0.9571,0.9569,0.9613,0.9571
K-NN,0.9571,0.9570,0.9598,0.9571
CNN(MLP),0.9429,0.9426,0.9471,0.9429
SVM,0.9786,0.9785,0.9808,0.9786
Random-forest,0.9571,0.9571,0.9580,0.9571
K-NN,0.9643,0.9643,0.9648,0.9643
CNN(MLP),0.9357,0.9357,0.9371,0.9357
SVM,0.9714,0.9714,0.9723,0.9714
Random-forest,0.9571,0.9570,0.9617,0.9571
K-NN,0.9286,0.9278,0.9372,0.9286
CNN(MLP),0.9429,0.9427,0.9473,0.9429
SVM,0.9786,0.9785,0.9800,0.9786
Random-forest,0.9643,0.9642,0.9656,0.9643
K-NN,0.9571,0.9569,0.9624,0.9571
CNN(MLP),0.9357,0.9353,0.9440,0.9357
SVM,0.9786,0.9785,0.9808,0.9786
Random-forest,0.9500,0.9500,0.9514,0.9500
K-NN,0.9643,0.9641,0.9683,0.9643
CNN(MLP),0.9214,0.9214,0.9219,0.9214
SVM,0.9786,0.9785,0.9808,0.9786
Random-forest,0.9429,0.9422,0.9501,0.9429
K-NN,0.9571,0.9570,0.9607,0.9571
CNN(MLP),0.9357,0.9351,0.9425,0.9357
SVM,0.9714,0.9714,0.9724,0.9714
Random-forest,0.9500,0.9499,0.9522,0.9500
K-NN,0.9429,0.9426,0.9461,0.9429
CNN(MLP),0.9357,0.9357,0.9371,0.9357
SVM,0.9786,0.9786,0.9790,0.9786
Random-forest,0.9500,0.9499,0.9531,0.9500
K-NN,0.9643,0.9642,0.9665,0.9643
CNN(MLP),0.9429,0.9428,0.9437,0.9429
SVM,0.9786,0.9785,0.9800,0.9786
Random-forest,0.9571,0.9571,0.9580,0.9571
K-NN,0.9786,0.9786,0.9790,0.9786
CNN(MLP),0.9429,0.9427,0.9455,0.9429
SVM,0.9714,0.9712,0.9757,0.9714
Random-forest,0.9571,0.9570,0.9598,0.9571
K-NN,0.9286,0.9272,0.9420,0.9286
CNN(MLP),0.9071,0.9054,0.9171,0.9071
